"Date","Real","Pred"
2018-03-05,1270.365,NA
2018-03-06,1229.73,NA
2018-03-07,1148.07,NA
2018-03-08,1061.11,NA
2018-03-09,1048.475,NA
2018-03-10,1032.135,NA
2018-03-11,1069.635,NA
2018-03-12,1094.31,NA
2018-03-13,1050.2,NA
2018-03-14,999.435,NA
2018-03-15,941.775,NA
2018-03-16,955.405,NA
2018-03-17,957.395,NA
2018-03-18,938.63,NA
2018-03-19,964.855,NA
2018-03-20,1026.65,NA
2018-03-21,1045.855,NA
2018-03-22,1020.91,NA
2018-03-23,1019.105,NA
2018-03-24,998.975,NA
2018-03-25,969.27,NA
2018-03-26,940.6,NA
2018-03-27,892.655,NA
2018-03-28,865.93,NA
2018-03-29,783.535,NA
2018-03-30,702.215,NA
2018-03-31,689.235,NA
2018-04-01,662.745,NA
2018-04-02,651.605,NA
2018-04-03,684.9,NA
2018-04-04,677.02,NA
2018-04-05,643.225,NA
2018-04-06,624.55,NA
2018-04-07,623.625,NA
2018-04-08,646,NA
2018-04-09,645.28,NA
2018-04-10,643.12,NA
2018-04-11,658.745,NA
2018-04-12,702.175,NA
2018-04-13,738.845,NA
2018-04-14,739.42,NA
2018-04-15,758.55,NA
2018-04-16,773.97,NA
2018-04-17,762.58,NA
2018-04-18,826.04,NA
2018-04-19,930.51,NA
2018-04-20,1045.93,NA
2018-04-21,1140.185,NA
2018-04-22,1174.615,NA
2018-04-23,1317.01,NA
2018-04-24,1422.925,NA
2018-04-25,1348.325,NA
2018-04-26,1353.055,NA
2018-04-27,1376.01,NA
2018-04-28,1360.92,NA
2018-04-29,1415.125,NA
2018-04-30,1393.305,NA
2018-05-01,1350.995,NA
2018-05-02,1404.17,NA
2018-05-03,1482.485,NA
2018-05-04,1509.965,NA
2018-05-05,1634.955,NA
2018-05-06,1755.84,NA
2018-05-07,1702.045,NA
2018-05-08,1624.34,NA
2018-05-09,1612.1,NA
2018-05-10,1572.555,NA
2018-05-11,1443.16,NA
2018-05-12,1412.445,NA
2018-05-13,1468.665,NA
2018-05-14,1444.92,NA
2018-05-15,1374.78,NA
2018-05-16,1308.245,NA
2018-05-17,1236.715,NA
2018-05-18,1198.83,NA
2018-05-19,1190.435,NA
2018-05-20,1233.73,NA
2018-05-21,1260.085,NA
2018-05-22,1185.185,NA
2018-05-23,1064.105,NA
2018-05-24,1033.46,NA
2018-05-25,1042.72,NA
2018-05-26,1008.605,NA
2018-05-27,999.215,NA
2018-05-28,938.085,NA
2018-05-29,935.09,NA
2018-05-30,985.235,NA
2018-05-31,988.83,NA
2018-06-01,998,NA
2018-06-02,1043.195,NA
2018-06-03,1126.06,NA
2018-06-04,1132.995,NA
2018-06-05,1123.805,NA
2018-06-06,1139.415,NA
2018-06-07,1136.115,NA
2018-06-08,1129.48,NA
2018-06-09,1100.61,NA
2018-06-10,1010.75,NA
2018-06-11,944.615,NA
2018-06-12,911.835,NA
2018-06-13,856.09,NA
2018-06-14,869.14,NA
2018-06-15,868.9,NA
2018-06-16,846.16,NA
2018-06-17,847.615,NA
2018-06-18,865.765,NA
2018-06-19,895.905,NA
2018-06-20,899.385,NA
2018-06-21,881.755,NA
2018-06-22,811.04,NA
2018-06-23,756.715,NA
2018-06-24,754.635,NA
2018-06-25,750.345,NA
2018-06-26,725.025,NA
2018-06-27,704.09,NA
2018-06-28,685.59,NA
2018-06-29,686.715,NA
2018-06-30,732.215,NA
2018-07-01,742.025,NA
2018-07-02,758.285,NA
2018-07-03,767.995,NA
2018-07-04,759.285,NA
2018-07-05,753.21,NA
2018-07-06,737.8,NA
2018-07-07,752.565,NA
2018-07-08,760.65,NA
2018-07-09,739.06,NA
2018-07-10,707.645,NA
2018-07-11,695.965,NA
2018-07-12,695.895,NA
2018-07-13,689.98,NA
2018-07-14,696.99,NA
2018-07-15,712.01,NA
2018-07-16,762.41,NA
2018-07-17,826.945,NA
2018-07-18,839.21,NA
2018-07-19,824.25,NA
2018-07-20,793.865,NA
2018-07-21,775.91,NA
2018-07-22,785.92,NA
2018-07-23,783.555,NA
2018-07-24,824.35,NA
2018-07-25,848.165,NA
2018-07-26,817.13,NA
2018-07-27,812.18,NA
2018-07-28,821.92,NA
2018-07-29,826.78,NA
2018-07-30,822.57,NA
2018-07-31,795.295,NA
2018-08-01,772.315,NA
2018-08-02,749.46,NA
2018-08-03,727.5,NA
2018-08-04,710.34,NA
2018-08-05,702.16,NA
2018-08-06,700.275,NA
2018-08-07,674.245,NA
2018-08-08,622.335,NA
2018-08-09,598.675,NA
2018-08-10,589.43,NA
2018-08-11,566.77,NA
2018-08-12,567.03,NA
2018-08-13,551.35,NA
2018-08-14,520.55,NA
2018-08-15,510.75,NA
2018-08-16,513.81,NA
2018-08-17,560.185,NA
2018-08-18,579.87,NA
2018-08-19,562.725,NA
2018-08-20,541.91,NA
2018-08-21,524.715,NA
2018-08-22,527.49,NA
2018-08-23,524.225,NA
2018-08-24,532.145,NA
2018-08-25,534.48,NA
2018-08-26,529.68,NA
2018-08-27,536.54,NA
2018-08-28,557.2,NA
2018-08-29,559.53,NA
2018-08-30,546.33,NA
2018-08-31,540.155,NA
2018-09-01,579.72,NA
2018-09-02,634.305,NA
2018-09-03,639.62,NA
2018-09-04,626.795,NA
2018-09-05,576,NA
2018-09-06,522.55,NA
2018-09-07,507.88,NA
2018-09-08,485.585,NA
2018-09-09,476.475,NA
2018-09-10,472.87,NA
2018-09-11,452.875,NA
2018-09-12,435.515,NA
2018-09-13,447.95,NA
2018-09-14,455.475,NA
2018-09-15,447.925,NA
2018-09-16,449.365,NA
2018-09-17,434.095,NA
2018-09-18,425.14,NA
2018-09-19,431.165,NA
2018-09-20,442.84,NA
2018-09-21,479.28,NA
2018-09-22,493.18,NA
2018-09-23,487.105,NA
2018-09-24,476.055,NA
2018-09-25,454.43,NA
2018-09-26,480.33,NA
2018-09-27,539.97,NA
2018-09-28,552.59,NA
2018-09-29,537.315,NA
2018-09-30,533.635,NA
2018-10-01,530.845,NA
2018-10-02,531.2,NA
2018-10-03,522.475,NA
2018-10-04,513.5,NA
2018-10-05,515.97,NA
2018-10-06,513.8,NA
2018-10-07,512.93,NA
2018-10-08,523.9,NA
2018-10-09,522.22,NA
2018-10-10,513.31,NA
2018-10-11,471.025,NA
2018-10-12,434.355,NA
2018-10-13,442.755,NA
2018-10-14,442.09,NA
2018-10-15,447.425,NA
2018-10-16,454.815,NA
2018-10-17,450.25,NA
2018-10-18,441.285,NA
2018-10-19,437.495,NA
2018-10-20,441.835,NA
2018-10-21,447.13,NA
2018-10-22,446.82,NA
2018-10-23,445.825,NA
2018-10-24,441.02,NA
2018-10-25,439.205,NA
2018-10-26,437.535,NA
2018-10-27,436.635,NA
2018-10-28,437.21,NA
2018-10-29,426.305,NA
2018-10-30,417.66,NA
2018-10-31,423.1,NA
2018-11-01,424.1,NA
2018-11-02,442.19,NA
2018-11-03,470.035,NA
2018-11-04,524.095,NA
2018-11-05,563.885,NA
2018-11-06,594.32,NA
2018-11-07,622.9,NA
2018-11-08,594.945,NA
2018-11-09,558.44,NA
2018-11-10,548.32,NA
2018-11-11,542.425,NA
2018-11-12,522.735,NA
2018-11-13,511.34,NA
2018-11-14,473.37,NA
2018-11-15,413.42,NA
2018-11-16,363.065,NA
2018-11-17,325.14,NA
2018-11-18,349.995,NA
2018-11-19,299.73,NA
2018-11-20,236.79,NA
2018-11-21,252.135,NA
2018-11-22,239.02,NA
2018-11-23,225.53,NA
2018-11-24,211.995,NA
2018-11-25,178.005,NA
2018-11-26,180.61,NA
2018-11-27,177.725,NA
2018-11-28,183.86,NA
2018-11-29,184.515,NA
2018-11-30,175.06,NA
2018-12-01,171.085,NA
2018-12-02,170.925,NA
2018-12-03,163.58,NA
2018-12-04,152.315,NA
2018-12-05,137.56,NA
2018-12-06,116.505,NA
2018-12-07,104.59,NA
2018-12-08,103.345,NA
2018-12-09,103.19,NA
2018-12-10,104.215,NA
2018-12-11,98.73,NA
2018-12-12,96.14,NA
2018-12-13,91.84,NA
2018-12-14,83.135,NA
2018-12-15,77.94,NA
2018-12-16,77.655,NA
2018-12-17,83.585,NA
2018-12-18,96.155,NA
2018-12-19,115.39,NA
2018-12-20,159.195,NA
2018-12-21,192.48,NA
2018-12-22,195.905,NA
2018-12-23,196.51,NA
2018-12-24,188.58,NA
2018-12-25,175.825,NA
2018-12-26,173.045,NA
2018-12-27,161.16,NA
2018-12-28,160.31,NA
2018-12-29,167.125,NA
2018-12-30,162.18,NA
2018-12-31,155.445,NA
2019-01-01,156.12,NA
2019-01-02,167.125,NA
2019-01-03,165.375,NA
2019-01-04,159.87,NA
2019-01-05,159.1,NA
2019-01-06,161.905,NA
2019-01-07,162.52,NA
2019-01-08,159.96,NA
2019-01-09,159.455,NA
2019-01-10,146.125,NA
2019-01-11,131.185,NA
2019-01-12,131.38,NA
2019-01-13,128.915,NA
2019-01-14,128.635,NA
2019-01-15,129.43,NA
2019-01-16,127.035,NA
2019-01-17,128.87,NA
2019-01-18,128.325,NA
2019-01-19,127.82,NA
2019-01-20,125.37,NA
2019-01-21,121.865,NA
2019-01-22,124.795,NA
2019-01-23,129.49,NA
2019-01-24,129.895,NA
2019-01-25,127.62,NA
2019-01-26,126.11,NA
2019-01-27,123.325,NA
2019-01-28,116.1,NA
2019-01-29,110.12,NA
2019-01-30,112.755,NA
2019-01-31,114.745,NA
2019-02-01,114.015,NA
2019-02-02,117.54,NA
2019-02-03,119.205,NA
2019-02-04,117.495,NA
2019-02-05,116.75,NA
2019-02-06,114.945,NA
2019-02-07,114.04,NA
2019-02-08,121.35,NA
2019-02-09,127.78,NA
2019-02-10,126.725,NA
2019-02-11,123.645,NA
2019-02-12,121.26,NA
2019-02-13,121.34,NA
2019-02-14,120.725,NA
2019-02-15,120.25,NA
2019-02-16,120.59,NA
2019-02-17,121.9,NA
2019-02-18,132.845,NA
2019-02-19,141.85,NA
2019-02-20,143.315,NA
2019-02-21,143.25,NA
2019-02-22,141.73,NA
2019-02-23,148.18,NA
2019-02-24,140.205,NA
2019-02-25,129.93,NA
2019-02-26,132.65,NA
2019-02-27,131.195,NA
2019-02-28,130.235,NA
2019-03-01,130.255,NA
2019-03-02,130.645,NA
2019-03-03,129.75,NA
2019-03-04,126.145,NA
2019-03-05,127.525,NA
2019-03-06,131.665,NA
2019-03-07,130.725,NA
2019-03-08,128.535,NA
2019-03-09,130.09,NA
2019-03-10,131.79,NA
2019-03-11,129.515,NA
2019-03-12,128.03,NA
2019-03-13,127.615,NA
2019-03-14,129.47,NA
2019-03-15,137.275,NA
2019-03-16,149.23,NA
2019-03-17,154.62,NA
2019-03-18,157.125,NA
2019-03-19,160.165,NA
2019-03-20,159.185,NA
2019-03-21,155.77,NA
2019-03-22,154.545,NA
2019-03-23,160.935,NA
2019-03-24,164.61,NA
2019-03-25,161.175,NA
2019-03-26,158.645,NA
2019-03-27,164.53,NA
2019-03-28,169.02,NA
2019-03-29,168.775,NA
2019-03-30,168.58,NA
2019-03-31,167.78,NA
2019-04-01,167.95,NA
2019-04-02,204.965,NA
2019-04-03,272.02,NA
2019-04-04,293.615,NA
2019-04-05,289.975,NA
2019-04-06,299.97,NA
2019-04-07,313.23,NA
2019-04-08,315.03,NA
2019-04-09,302.64,NA
2019-04-10,300.39,NA
2019-04-11,288.175,NA
2019-04-12,276.865,NA
2019-04-13,280.43,NA
2019-04-14,283.985,NA
2019-04-15,301.035,NA
2019-04-16,314.555,NA
2019-04-17,313.575,NA
2019-04-18,308.625,NA
2019-04-19,306.845,NA
2019-04-20,303.56,NA
2019-04-21,295.58,NA
2019-04-22,291.535,NA
2019-04-23,290.58,NA
2019-04-24,283.675,NA
2019-04-25,271.535,NA
2019-04-26,262.39,NA
2019-04-27,260.815,NA
2019-04-28,255.84,NA
2019-04-29,243.755,NA
2019-04-30,251.74,NA
2019-05-01,267.935,NA
2019-05-02,267.775,NA
2019-05-03,278.33,NA
2019-05-04,289.41,NA
2019-05-05,290.765,NA
2019-05-06,289.75,NA
2019-05-07,284.755,NA
2019-05-08,283.635,NA
2019-05-09,284.34,NA
2019-05-10,284.715,NA
2019-05-11,319.975,NA
2019-05-12,354.865,NA
2019-05-13,369.95,NA
2019-05-14,387.04,NA
2019-05-15,397.125,NA
2019-05-16,401.405,NA
2019-05-17,383.17,NA
2019-05-18,362.745,NA
2019-05-19,387.645,NA
2019-05-20,416.22,NA
2019-05-21,415.865,NA
2019-05-22,402.29,NA
2019-05-23,396.3,NA
2019-05-24,407.315,NA
2019-05-25,407.57,NA
2019-05-26,420.135,NA
2019-05-27,438.075,NA
2019-05-28,437.475,NA
2019-05-29,445.525,NA
2019-05-30,439.45,NA
2019-05-31,432.53,NA
2019-06-01,437.645,NA
2019-06-02,436.955,NA
2019-06-03,421.105,NA
2019-06-04,391.06,NA
2019-06-05,390.11,NA
2019-06-06,397.175,NA
2019-06-07,398.45,NA
2019-06-08,396.165,NA
2019-06-09,387.175,NA
2019-06-10,387.43,NA
2019-06-11,391.34,NA
2019-06-12,392.575,NA
2019-06-13,404.59,NA
2019-06-14,417.21,NA
2019-06-15,422.74,NA
2019-06-16,425.715,NA
2019-06-17,429.695,NA
2019-06-18,422.795,NA
2019-06-19,415.08,NA
2019-06-20,414.79,NA
2019-06-21,427.27,NA
2019-06-22,461.2,NA
2019-06-23,478.03,NA
2019-06-24,476.82,NA
2019-06-25,477.92,NA
2019-06-26,479.345,NA
2019-06-27,446.755,NA
2019-06-28,422.965,NA
2019-06-29,437.165,NA
2019-06-30,419.625,NA
2019-07-01,407.98,NA
2019-07-02,412.455,NA
2019-07-03,415.39,NA
2019-07-04,411.11,NA
2019-07-05,400.09,NA
2019-07-06,403.345,NA
2019-07-07,409.64,NA
2019-07-08,415.4,NA
2019-07-09,416.86,NA
2019-07-10,402.37,NA
2019-07-11,367.225,NA
2019-07-12,349.585,NA
2019-07-13,348.68,NA
2019-07-14,312.695,NA
2019-07-15,297.02,NA
2019-07-16,297.625,NA
2019-07-17,287.47,NA
2019-07-18,303.47,NA
2019-07-19,311.505,NA
2019-07-20,316.315,NA
2019-07-21,322.785,NA
2019-07-22,315.535,NA
2019-07-23,303.69,NA
2019-07-24,299.89,NA
2019-07-25,302.37,NA
2019-07-26,309.88,NA
2019-07-27,311.515,NA
2019-07-28,308.04,NA
2019-07-29,308.19,NA
2019-07-30,311.97,NA
2019-07-31,323.825,NA
2019-08-01,329.355,NA
2019-08-02,328.82,NA
2019-08-03,331.93,NA
2019-08-04,336.125,NA
2019-08-05,341.895,NA
2019-08-06,341.315,NA
2019-08-07,336.575,NA
2019-08-08,335.71,NA
2019-08-09,324.155,NA
2019-08-10,315.05,NA
2019-08-11,326.875,NA
2019-08-12,333.915,NA
2019-08-13,338.34,NA
2019-08-14,329.035,NA
2019-08-15,312.685,NA
2019-08-16,311.44,NA
2019-08-17,307.72,NA
2019-08-18,311.905,NA
2019-08-19,321.105,NA
2019-08-20,320.42,NA
2019-08-21,309.8,NA
2019-08-22,307.935,NA
2019-08-23,314.07,NA
2019-08-24,311.06,NA
2019-08-25,305.57,NA
2019-08-26,308.14,NA
2019-08-27,309.49,NA
2019-08-28,299.92,NA
2019-08-29,285.715,NA
2019-08-30,279.39,NA
2019-08-31,279.115,NA
2019-09-01,280.44,NA
2019-09-02,287.78,NA
2019-09-03,297.365,NA
2019-09-04,297.74,NA
2019-09-05,293.68,NA
2019-09-06,289.815,NA
2019-09-07,293.605,NA
2019-09-08,303.735,NA
2019-09-09,305.625,NA
2019-09-10,304.38,NA
2019-09-11,301.71,NA
2019-09-12,300,NA
2019-09-13,299.68,NA
2019-09-14,302.055,NA
2019-09-15,304.195,NA
2019-09-16,305.69,NA
2019-09-17,313.32,NA
2019-09-18,321.065,NA
2019-09-19,323.625,NA
2019-09-20,319.665,NA
2019-09-21,313.53,NA
2019-09-22,309.25,NA
2019-09-23,299.405,NA
2019-09-24,256.1,NA
2019-09-25,224.33,NA
2019-09-26,220.74,NA
2019-09-27,217.365,NA
2019-09-28,224.07,NA
2019-09-29,222.98,NA
2019-09-30,223.085,NA
2019-10-01,225.56,NA
2019-10-02,224.255,NA
2019-10-03,223.945,NA
2019-10-04,222.11,NA
2019-10-05,222.415,NA
2019-10-06,221.985,NA
2019-10-07,226.9,NA
2019-10-08,232.535,NA
2019-10-09,235.27,NA
2019-10-10,234.475,NA
2019-10-11,225.45,NA
2019-10-12,222.545,NA
2019-10-13,223.72,NA
2019-10-14,225.505,NA
2019-10-15,225.165,NA
2019-10-16,219.43,NA
2019-10-17,218.465,NA
2019-10-18,216.035,NA
2019-10-19,212.715,NA
2019-10-20,219.13,NA
2019-10-21,228.79,NA
2019-10-22,229.84,NA
2019-10-23,218.595,NA
2019-10-24,211.345,NA
2019-10-25,235.82,NA
2019-10-26,256.33,NA
2019-10-27,257.25,NA
2019-10-28,263.24,NA
2019-10-29,277.045,NA
2019-10-30,289.33,NA
2019-10-31,285.905,NA
2019-11-01,280.71,NA
2019-11-02,284.35,NA
2019-11-03,290.78,NA
2019-11-04,291.215,NA
2019-11-05,292.075,NA
2019-11-06,299.27,NA
2019-11-07,298.61,NA
2019-11-08,284.325,NA
2019-11-09,279.72,NA
2019-11-10,287.7,NA
2019-11-11,289.535,NA
2019-11-12,287.465,NA
2019-11-13,287.12,NA
2019-11-14,281.15,NA
2019-11-15,270.145,NA
2019-11-16,263.96,NA
2019-11-17,265.435,NA
2019-11-18,255.895,NA
2019-11-19,243.795,NA
2019-11-20,242.345,NA
2019-11-21,234.465,NA
2019-11-22,216.91,NA
2019-11-23,211.64,NA
2019-11-24,209.105,NA
2019-11-25,205.01,NA
2019-11-26,209.285,NA
2019-11-27,215.305,NA
2019-11-28,218.715,NA
2019-11-29,220.925,NA
2019-11-30,220.91,NA
2019-12-01,216.185,NA
2019-12-02,214.415,NA
2019-12-03,212.86,NA
2019-12-04,209.69,NA
2019-12-05,209.59,NA
2019-12-06,212.455,NA
2019-12-07,212.41,NA
2019-12-08,212.17,NA
2019-12-09,210.575,NA
2019-12-10,207.42,NA
2019-12-11,206.78,NA
2019-12-12,206.91,NA
2019-12-13,208.85,NA
2019-12-14,208.57,NA
2019-12-15,206.27,NA
2019-12-16,201.35,NA
2019-12-17,186.165,NA
2019-12-18,182.715,NA
2019-12-19,187.64,NA
2019-12-20,186.795,NA
2019-12-21,186.86,NA
2019-12-22,191.4,NA
2019-12-23,193.16,NA
2019-12-24,188.9,NA
2019-12-25,186.59,NA
2019-12-26,186.3,NA
2019-12-27,195.245,NA
2019-12-28,204.48,NA
2019-12-29,209.01,NA
2019-12-30,210.025,NA
2019-12-31,205.8,NA
2020-01-01,203.835,NA
2020-01-02,199.375,NA
2020-01-03,208.45,NA
2020-01-04,223.17,NA
2020-01-05,223.5,NA
2020-01-06,233.46,NA
2020-01-07,243.365,NA
2020-01-08,241.245,NA
2020-01-09,238.85,NA
2020-01-10,254.79,NA
2020-01-11,266.18,NA
2020-01-12,265.545,NA
2020-01-13,268.855,NA
2020-01-14,307.83,NA
2020-01-15,343.715,NA
2020-01-16,333.09,NA
2020-01-17,346.835,NA
2020-01-18,352.955,NA
2020-01-19,338.935,NA
2020-01-20,341.01,NA
2020-01-21,342.895,NA
2020-01-22,345.525,NA
2020-01-23,336.18,NA
2020-01-24,321.345,NA
2020-01-25,313.92,NA
2020-01-26,328.555,NA
2020-01-27,355.01,NA
2020-01-28,370.67,NA
2020-01-29,379.435,NA
2020-01-30,385.845,NA
2020-01-31,383.225,NA
2020-02-01,377.19,NA
2020-02-02,378.425,NA
2020-02-03,380.52,NA
2020-02-04,381.78,NA
2020-02-05,412.275,NA
2020-02-06,444.81,NA
2020-02-07,441.88,NA
2020-02-08,441.955,NA
2020-02-09,447.435,NA
2020-02-10,450.995,NA
2020-02-11,457.775,NA
2020-02-12,469.345,NA
2020-02-13,475.82,NA
2020-02-14,485.95,NA
2020-02-15,466.91,NA
2020-02-16,425.585,NA
2020-02-17,412.36,NA
2020-02-18,417.285,NA
2020-02-19,399.975,NA
2020-02-20,374.98,NA
2020-02-21,374.82,NA
2020-02-22,376.075,NA
2020-02-23,388.275,NA
2020-02-24,390.445,NA
2020-02-25,365.495,NA
2020-02-26,334.57,NA
2020-02-27,320.52,NA
2020-02-28,320.095,NA
2020-02-29,311,NA
2020-03-01,308.85,NA
2020-03-02,325.415,NA
2020-03-03,334.58,NA
2020-03-04,324.725,NA
2020-03-05,328.745,NA
2020-03-06,344.47,NA
2020-03-07,341.385,NA
2020-03-08,302.04,NA
2020-03-09,273.255,NA
2020-03-10,272.885,NA
2020-03-11,269.495,NA
2020-03-12,206.695,NA
2020-03-13,162.97,NA
2020-03-14,173.24,NA
2020-03-15,172.565,NA
2020-03-16,175.49,NA
2020-03-17,178.51,NA
2020-03-18,184.325,NA
2020-03-19,203.67,NA
2020-03-20,218.205,NA
2020-03-21,217.685,NA
2020-03-22,210.675,NA
2020-03-23,212.285,NA
2020-03-24,225.21,NA
2020-03-25,224.46,NA
2020-03-26,225.045,NA
2020-03-27,221.17,NA
2020-03-28,213.57,NA
2020-03-29,210.06,NA
2020-03-30,213.025,NA
2020-03-31,219.62,NA
2020-04-01,221.67,NA
2020-04-02,228.41,NA
2020-04-03,233.755,NA
2020-04-04,237.33,NA
2020-04-05,235.06,NA
2020-04-06,244.78,NA
2020-04-07,255.365,NA
2020-04-08,260.085,NA
2020-04-09,261.805,NA
2020-04-10,244.685,NA
2020-04-11,233.26,NA
2020-04-12,233.325,NA
2020-04-13,228.62,NA
2020-04-14,223.705,NA
2020-04-15,219.37,NA
2020-04-16,224.965,NA
2020-04-17,234.105,NA
2020-04-18,238.155,NA
2020-04-19,237.88,NA
2020-04-20,225.555,NA
2020-04-21,219.52,NA
2020-04-22,226.475,NA
2020-04-23,235.63,NA
2020-04-24,237.79,NA
2020-04-25,238.21,NA
2020-04-26,242.365,NA
2020-04-27,245.295,NA
2020-04-28,242.41,NA
2020-04-29,249.82,NA
2020-04-30,254,NA
2020-05-01,252.505,NA
2020-05-02,257.935,NA
2020-05-03,256.505,NA
2020-05-04,249.08,NA
2020-05-05,246.675,NA
2020-05-06,244.865,NA
2020-05-07,246.755,NA
2020-05-08,256.44,NA
2020-05-09,262.55,NA
2020-05-10,249.135,NA
2020-05-11,234.22,NA
2020-05-12,234.37,NA
2020-05-13,236.53,NA
2020-05-14,241.19,NA
2020-05-15,238.835,NA
2020-05-16,235.75,NA
2020-05-17,238.455,NA
2020-05-18,244.525,NA
2020-05-19,247.615,NA
2020-05-20,243.29,NA
2020-05-21,233.61,NA
2020-05-22,231.295,NA
2020-05-23,234.43,NA
2020-05-24,228.455,NA
2020-05-25,226.505,NA
2020-05-26,229.23,NA
2020-05-27,230.39,NA
2020-05-28,236.395,NA
2020-05-29,239.135,NA
2020-05-30,245.365,NA
2020-05-31,245.41,NA
2020-06-01,245.885,NA
2020-06-02,252.175,NA
2020-06-03,251.755,NA
2020-06-04,254.84,NA
2020-06-05,256.24,NA
2020-06-06,254.43,NA
2020-06-07,253.395,NA
2020-06-08,254.44,NA
2020-06-09,254.915,NA
2020-06-10,255.655,NA
2020-06-11,245.93,NA
2020-06-12,237.62,NA
2020-06-13,240.685,NA
2020-06-14,238.975,NA
2020-06-15,236.46,NA
2020-06-16,236.61,NA
2020-06-17,238.84,NA
2020-06-18,238,NA
2020-06-19,234.405,NA
2020-06-20,232.87,NA
2020-06-21,231.36,NA
2020-06-22,235.555,NA
2020-06-23,240.83,NA
2020-06-24,236.625,NA
2020-06-25,232.365,NA
2020-06-26,231.315,NA
2020-06-27,223.355,NA
2020-06-28,219.335,NA
2020-06-29,223.86,NA
2020-06-30,223.645,NA
2020-07-01,222.995,NA
2020-07-02,221.74,NA
2020-07-03,220.2,NA
2020-07-04,223,NA
2020-07-05,223.785,NA
2020-07-06,232.385,NA
2020-07-07,240.075,NA
2020-07-08,240.66,NA
2020-07-09,240.76,NA
2020-07-10,238.24,NA
2020-07-11,237.535,NA
2020-07-12,237.02,NA
2020-07-13,234.83,NA
2020-07-14,231.065,NA
2020-07-15,228.655,NA
2020-07-16,225.67,NA
2020-07-17,223.36,NA
2020-07-18,223.455,NA
2020-07-19,226.12,NA
2020-07-20,225.475,NA
2020-07-21,226.585,NA
2020-07-22,235.37,NA
2020-07-23,239.425,NA
2020-07-24,236.98,NA
2020-07-25,243.455,NA
2020-07-26,249.53,NA
2020-07-27,258.29,NA
2020-07-28,279.55,NA
2020-07-29,288.89,NA
2020-07-30,289.925,NA
2020-07-31,296.605,NA
2020-08-01,310.535,NA
2020-08-02,301.825,NA
2020-08-03,290.51,NA
2020-08-04,292.68,NA
2020-08-05,290.725,NA
2020-08-06,301.475,NA
2020-08-07,305.91,NA
2020-08-08,304.025,NA
2020-08-09,302.725,NA
2020-08-10,301.405,NA
2020-08-11,292.11,NA
2020-08-12,283.21,NA
2020-08-13,290.21,NA
2020-08-14,294.985,NA
2020-08-15,298.06,NA
2020-08-16,305.45,NA
2020-08-17,313.47,NA
2020-08-18,310.905,NA
2020-08-19,298.26,NA
2020-08-20,293.86,NA
2020-08-21,288.78,NA
2020-08-22,284.87,NA
2020-08-23,285.725,NA
2020-08-24,287.82,NA
2020-08-25,283.54,NA
2020-08-26,275.3,NA
2020-08-27,269.85,NA
2020-08-28,266.765,NA
2020-08-29,268.53,NA
2020-08-30,273.775,NA
2020-08-31,276.57,NA
2020-09-01,282.98,NA
2020-09-02,278.12,NA
2020-09-03,241.405,NA
2020-09-04,224.95,NA
2020-09-05,227.98,NA
2020-09-06,226.485,NA
2020-09-07,228.295,NA
2020-09-08,225.49,NA
2020-09-09,223.34,NA
2020-09-10,225.815,NA
2020-09-11,226.405,NA
2020-09-12,227.78,NA
2020-09-13,226.275,NA
2020-09-14,224.02,NA
2020-09-15,230.515,NA
2020-09-16,233.015,NA
2020-09-17,231.915,NA
2020-09-18,233.375,NA
2020-09-19,233.575,NA
2020-09-20,229.72,NA
2020-09-21,219.285,NA
2020-09-22,216.33,NA
2020-09-23,213.95,NA
2020-09-24,212.095,NA
2020-09-25,216.45,NA
2020-09-26,219.05,NA
2020-09-27,225.42,NA
2020-09-28,227.65,NA
2020-09-29,227.365,NA
2020-09-30,228.56,NA
2020-10-01,228.075,NA
2020-10-02,223.865,NA
2020-10-03,219.17,NA
2020-10-04,219.86,NA
2020-10-05,221.345,NA
2020-10-06,220.905,NA
2020-10-07,221.405,NA
2020-10-08,228.535,NA
2020-10-09,235.72,NA
2020-10-10,237.35,NA
2020-10-11,238.275,NA
2020-10-12,239.39,NA
2020-10-13,246.8,NA
2020-10-14,256.39,NA
2020-10-15,260.765,NA
2020-10-16,256.4,NA
2020-10-17,247.615,NA
2020-10-18,247.02,NA
2020-10-19,249.56,NA
2020-10-20,245.37,NA
2020-10-21,249.795,NA
2020-10-22,263.555,NA
2020-10-23,269.1,NA
2020-10-24,273.34,NA
2020-10-25,273.25,NA
2020-10-26,265.475,NA
2020-10-27,261.935,NA
2020-10-28,266.23,NA
2020-10-29,267.995,NA
2020-10-30,264.575,NA
2020-10-31,261.525,NA
2020-11-01,263.95,NA
2020-11-02,262.295,NA
2020-11-03,250.27,NA
2020-11-04,242.505,NA
2020-11-05,245.495,NA
2020-11-06,253.8,NA
2020-11-07,256.025,NA
2020-11-08,262.54,NA
2020-11-09,267.445,NA
2020-11-10,260.37,NA
2020-11-11,256.615,NA
2020-11-12,257.86,NA
2020-11-13,258.785,NA
2020-11-14,256.885,NA
2020-11-15,250.11,NA
2020-11-16,248.11,NA
2020-11-17,251.73,NA
2020-11-18,249.52,NA
2020-11-19,245.81,NA
2020-11-20,252.56,NA
2020-11-21,281.88,NA
2020-11-22,296.66,NA
2020-11-23,305.785,NA
2020-11-24,335.005,NA
2020-11-25,329.875,NA
2020-11-26,291.96,NA
2020-11-27,268.635,NA
2020-11-28,270.96,NA
2020-11-29,280.9,NA
2020-11-30,301.695,NA
2020-12-01,302.765,NA
2020-12-02,291.16,NA
2020-12-03,293.49,NA
2020-12-04,286.12,NA
2020-12-05,284.725,NA
2020-12-06,288.17,NA
2020-12-07,285.285,NA
2020-12-08,275.795,NA
2020-12-09,268.165,NA
2020-12-10,267.205,NA
2020-12-11,262.6,NA
2020-12-12,263.51,NA
2020-12-13,271.855,NA
2020-12-14,276.335,NA
2020-12-15,283,NA
2020-12-16,300.69,NA
2020-12-17,311.62,NA
2020-12-18,312.215,NA
2020-12-19,315.87,NA
2020-12-20,333.755,NA
2020-12-21,331.165,NA
2020-12-22,318.425,NA
2020-12-23,299.025,NA
2020-12-24,286.03,NA
2020-12-25,308.04,NA
2020-12-26,321.225,NA
2020-12-27,330.565,NA
2020-12-28,348.99,NA
2020-12-29,356.28,NA
2020-12-30,355.675,NA
2020-12-31,350.685,NA
2021-01-01,342.645,NA
2021-01-02,348.66,NA
2021-01-03,389.48,NA
2021-01-04,416.53,NA
2021-01-05,412.785,NA
2021-01-06,437.125,NA
2021-01-07,451.94,NA
2021-01-08,443.21,NA
2021-01-09,507.555,NA
2021-01-10,589.145,NA
2021-01-11,538.995,NA
2021-01-12,464.76,NA
2021-01-13,474.085,NA
2021-01-14,511.365,NA
2021-01-15,508.995,NA
2021-01-16,491.68,NA
2021-01-17,484.56,NA
2021-01-18,494.28,NA
2021-01-19,508.49,NA
2021-01-20,502.425,NA
2021-01-21,457.965,NA
2021-01-22,429.37,NA
2021-01-23,435.865,NA
2021-01-24,435.735,NA
2021-01-25,436.19,NA
2021-01-26,429.93,NA
2021-01-27,403.08,NA
2021-01-28,392.315,NA
2021-01-29,406.5,NA
2021-01-30,412.555,NA
2021-01-31,408.64,NA
2021-02-01,407.26,NA
2021-02-02,422.55,NA
2021-02-03,438.775,NA
2021-02-04,434.25,NA
2021-02-05,434.775,NA
2021-02-06,453.545,NA
2021-02-07,452.11,NA
2021-02-08,465.125,NA
2021-02-09,500.95,NA
2021-02-10,505.45,NA
2021-02-11,514.385,NA
2021-02-12,555.575,NA
2021-02-13,623.41,NA
2021-02-14,695.39,NA
2021-02-15,718.545,NA
2021-02-16,710.78,NA
2021-02-17,711.26,NA
2021-02-18,710.605,NA
2021-02-19,712.22,NA
2021-02-20,699.695,NA
2021-02-21,692.485,NA
2021-02-22,668.18,NA
2021-02-23,572.655,NA
2021-02-24,521.82,NA
2021-02-25,513.565,NA
2021-02-26,491.915,NA
2021-02-27,484.255,NA
2021-02-28,472.34,NA
2021-03-01,481.42,NA
2021-03-02,509.885,NA
2021-03-03,519.37,NA
2021-03-04,513.25,NA
2021-03-05,501.395,NA
2021-03-06,499.045,NA
2021-03-07,508.86,NA
2021-03-08,523.185,NA
2021-03-09,537.65,NA
2021-03-10,546.26,NA
2021-03-11,548.43,NA
2021-03-12,544.44,NA
2021-03-13,565.94,NA
2021-03-14,572.905,NA
2021-03-15,537.74,NA
2021-03-16,526.11,NA
2021-03-17,535.595,NA
2021-03-18,535.15,NA
2021-03-19,530.445,NA
2021-03-20,534.195,NA
2021-03-21,530.015,NA
2021-03-22,516.545,NA
2021-03-23,510.18,NA
2021-03-24,492.505,NA
2021-03-25,473.42,NA
2021-03-26,489.515,NA
2021-03-27,503.59,NA
2021-03-28,498.92,NA
2021-03-29,507.755,NA
2021-03-30,522.07,NA
2021-03-31,533.565,NA
2021-04-01,549.89,NA
2021-04-02,568.64,NA
2021-04-03,555.7,NA
2021-04-04,545.585,NA
2021-04-05,604.07,NA
2021-04-06,655.11,NA
2021-04-07,639.36,NA
2021-04-08,629.46,NA
2021-04-09,637.125,NA
2021-04-10,652.42,NA
2021-04-11,681.58,NA
2021-04-12,680.22,NA
2021-04-13,708.455,NA
2021-04-14,780.72,NA
2021-04-15,840.54,NA
2021-04-16,985.475,NA
2021-04-17,1048.795,NA
2021-04-18,983.85,NA
2021-04-19,934.305,NA
2021-04-20,917.265,NA
2021-04-21,925.56,NA
2021-04-22,885.135,NA
2021-04-23,846.955,NA
2021-04-24,805.96,NA
2021-04-25,766.055,NA
2021-04-26,804.85,NA
2021-04-27,870.16,NA
2021-04-28,900.975,NA
2021-04-29,896.21,NA
2021-04-30,938.655,NA
2021-05-01,1000.84,NA
2021-05-02,988.835,NA
2021-05-03,994.73,NA
2021-05-04,984.405,NA
2021-05-05,1202.885,NA
2021-05-06,1482.24,NA
2021-05-07,1425.71,NA
2021-05-08,1370.395,NA
2021-05-09,1414.435,NA
2021-05-10,1376.32,NA
2021-05-11,1436.265,NA
2021-05-12,1392.485,NA
2021-05-13,1244.04,NA
2021-05-14,1277.16,NA
2021-05-15,1234.39,NA
2021-05-16,1171.22,NA
2021-05-17,1118.84,NA
2021-05-18,1080.045,NA
2021-05-19,892.965,NA
2021-05-20,758.43,NA
2021-05-21,754.535,NA
2021-05-22,659.88,NA
2021-05-23,591.49,NA
2021-05-24,653.955,NA
2021-05-25,737.085,NA
2021-05-26,742.695,NA
2021-05-27,757.82,NA
2021-05-28,716.275,NA
2021-05-29,670.78,NA
2021-05-30,657.16,NA
2021-05-31,681.89,NA
2021-06-01,696.665,NA
2021-06-02,694.44,NA
2021-06-03,708.245,NA
2021-06-04,695.1,NA
2021-06-05,660.25,NA
2021-06-06,652.8,NA
2021-06-07,626.44,NA
2021-06-08,596.21,NA
2021-06-09,614.84,NA
2021-06-10,617.825,NA
2021-06-11,589.375,NA
2021-06-12,578.61,NA
2021-06-13,596.985,NA
2021-06-14,639.09,NA
2021-06-15,634.52,NA
2021-06-16,610.205,NA
2021-06-17,596.235,NA
2021-06-18,581.105,NA
2021-06-19,557.845,NA
2021-06-20,554.13,NA
2021-06-21,506.865,NA
2021-06-22,449.795,NA
2021-06-23,458.885,NA
2021-06-24,480.17,NA
2021-06-25,468.14,NA
2021-06-26,454.41,NA
2021-06-27,468.875,NA
2021-06-28,489.9,NA
2021-06-29,512.805,NA
2021-06-30,525.57,NA
2021-07-01,511.595,NA
2021-07-02,495.91,NA
2021-07-03,500.545,NA
2021-07-04,516.165,NA
2021-07-05,515.515,NA
2021-07-06,508.03,NA
2021-07-07,510.48,NA
2021-07-08,499.815,NA
2021-07-09,497.09,NA
2021-07-10,500.425,NA
2021-07-11,497.56,NA
2021-07-12,488.875,NA
2021-07-13,472.295,NA
2021-07-14,466.22,NA
2021-07-15,461.725,NA
2021-07-16,446.91,NA
2021-07-17,437.21,NA
2021-07-18,437.065,NA
2021-07-19,426.52,NA
2021-07-20,406.81,NA
2021-07-21,414.695,NA
2021-07-22,436.45,NA
2021-07-23,448.645,NA
2021-07-24,456.905,NA
2021-07-25,457.095,NA
2021-07-26,468.31,NA
2021-07-27,491.795,NA
2021-07-28,506.695,NA
2021-07-29,525.39,NA
2021-07-30,545.99,NA
2021-07-31,549.56,NA
2021-08-01,536.195,NA
2021-08-02,534.955,NA
2021-08-03,540.93,NA
2021-08-04,542.145,NA
2021-08-05,547.17,NA
2021-08-06,553.11,NA
2021-08-07,570.76,NA
2021-08-08,569.49,NA
2021-08-09,573.815,NA
2021-08-10,591.86,NA
2021-08-11,606.52,NA
2021-08-12,613.5,NA
2021-08-13,630.585,NA
2021-08-14,673.6,NA
2021-08-15,698.175,NA
2021-08-16,688.72,NA
2021-08-17,656.195,NA
2021-08-18,635.625,NA
2021-08-19,646.11,NA
2021-08-20,676.845,NA
2021-08-21,685.055,NA
2021-08-22,674.245,NA
2021-08-23,675.755,NA
2021-08-24,657.55,NA
2021-08-25,643.68,NA
2021-08-26,628.54,NA
2021-08-27,621.27,NA
2021-08-28,641.53,NA
2021-08-29,653.305,NA
2021-08-30,646.19,NA
2021-08-31,634.735,NA
2021-09-01,645.625,NA
2021-09-02,660.36,NA
2021-09-03,689.3,NA
2021-09-04,711.485,NA
2021-09-05,737.21,NA
2021-09-06,774.83,NA
2021-09-07,729.175,NA
2021-09-08,668.14,NA
2021-09-09,662.14,NA
2021-09-10,645.175,NA
2021-09-11,632.58,NA
2021-09-12,641.515,NA
2021-09-13,630.725,NA
2021-09-14,627.605,NA
2021-09-15,646.885,NA
2021-09-16,646.13,NA
2021-09-17,630.255,NA
2021-09-18,626.13,NA
2021-09-19,619.835,NA
2021-09-20,575.715,NA
2021-09-21,523.685,NA
2021-09-22,526.42,NA
2021-09-23,550.29,NA
2021-09-24,533.31,NA
2021-09-25,515.51,NA
2021-09-26,510.42,NA
2021-09-27,495.81,NA
2021-09-28,481.325,NA
2021-09-29,479.485,NA
2021-09-30,493.81,NA
2021-10-01,523.375,NA
2021-10-02,548.18,NA
2021-10-03,561.825,NA
2021-10-04,561.105,NA
2021-10-05,573.065,NA
2021-10-06,606.195,NA
2021-10-07,615.49,NA
2021-10-08,604.065,NA
2021-10-09,605.91,NA
2021-10-10,600.15,NA
2021-10-11,593.06,NA
2021-10-12,594.485,NA
2021-10-13,590.76,NA
2021-10-14,596.395,NA
2021-10-15,612.28,NA
2021-10-16,625.365,NA
2021-10-17,618.95,NA
2021-10-18,612.015,NA
2021-10-19,614.825,NA
2021-10-20,631.715,NA
2021-10-21,634.095,NA
2021-10-22,623.69,NA
2021-10-23,626.455,NA
2021-10-24,623.15,NA
2021-10-25,619.245,NA
2021-10-26,616.645,NA
2021-10-27,580.39,NA
2021-10-28,563.85,NA
2021-10-29,586.97,NA
2021-10-30,590.305,NA
2021-10-31,591.745,NA
2021-11-01,592.28,NA
2021-11-02,593.06,NA
2021-11-03,605.215,NA
2021-11-04,603.81,NA
2021-11-05,597.035,NA
2021-11-06,593,NA
2021-11-07,594.405,NA
2021-11-08,619.875,NA
2021-11-09,678.11,NA
2021-11-10,690.385,NA
2021-11-11,669.605,NA
2021-11-12,672.255,NA
2021-11-13,667.03,NA
2021-11-14,672.66,NA
2021-11-15,672.695,NA
2021-11-16,631.89,NA
2021-11-17,596.865,NA
2021-11-18,574.94,NA
2021-11-19,564.88,NA
2021-11-20,579.9,NA
2021-11-21,580.075,NA
2021-11-22,566.325,NA
2021-11-23,564.235,NA
2021-11-24,595.285,NA
2021-11-25,617.93,NA
2021-11-26,587.38,NA
2021-11-27,560.36,NA
2021-11-28,566.065,NA
2021-11-29,572.48,NA
2021-11-30,573.07,NA
2021-12-01,570.875,NA
2021-12-02,566.315,NA
2021-12-03,547.285,NA
2021-12-04,503.31,NA
2021-12-05,463.755,NA
2021-12-06,464.63,NA
2021-12-07,474.875,NA
2021-12-08,477.655,NA
2021-12-09,464.985,NA
2021-12-10,443.81,NA
2021-12-11,449.02,NA
2021-12-12,459,NA
2021-12-13,440.125,NA
2021-12-14,429.545,NA
2021-12-15,442.45,NA
2021-12-16,443.14,NA
2021-12-17,431.565,NA
2021-12-18,430.815,NA
2021-12-19,434.43,NA
2021-12-20,431.595,NA
2021-12-21,434.115,NA
2021-12-22,438.115,NA
2021-12-23,447.015,NA
2021-12-24,453.935,NA
2021-12-25,453.73,NA
2021-12-26,453.595,NA
2021-12-27,458.64,NA
2021-12-28,452.21,NA
2021-12-29,434.545,NA
2021-12-30,430.925,NA
2021-12-31,430.83,NA
2022-01-01,437.77,NA
2022-01-02,446.345,NA
2022-01-03,441.2,NA
2022-01-04,430.965,NA
2022-01-05,413.225,NA
2022-01-06,399.675,NA
2022-01-07,392.705,NA
2022-01-08,379.375,NA
2022-01-09,374.9,NA
2022-01-10,370.22,NA
2022-01-11,366.705,NA
2022-01-12,376.97,NA
2022-01-13,380.825,NA
2022-01-14,381.655,NA
2022-01-15,388.26,NA
2022-01-16,389.56,NA
2022-01-17,384.56,NA
2022-01-18,381.295,NA
2022-01-19,375.26,NA
2022-01-20,363.355,NA
2022-01-21,336.245,NA
2022-01-22,303.41,NA
2022-01-23,297.295,NA
2022-01-24,297.49,NA
2022-01-25,291.725,NA
2022-01-26,290.485,NA
2022-01-27,289.455,NA
2022-01-28,293.24,NA
2022-01-29,297.87,NA
2022-01-30,294.475,NA
2022-01-31,287.57,NA
2022-02-01,286.485,NA
2022-02-02,283.025,NA
2022-02-03,279.695,NA
2022-02-04,293.815,NA
2022-02-05,313.505,NA
2022-02-06,322.98,NA
2022-02-07,334.085,NA
2022-02-08,339.57,NA
2022-02-09,340.99,NA
2022-02-10,343.57,NA
2022-02-11,330.985,NA
2022-02-12,325.705,NA
2022-02-13,332.2,NA
2022-02-14,332.27,NA
2022-02-15,337.105,NA
2022-02-16,338.93,NA
2022-02-17,323.9,NA
2022-02-18,311.545,NA
2022-02-19,311.115,NA
2022-02-20,307.43,NA
2022-02-21,293.095,NA
2022-02-22,288.45,NA
2022-02-23,290.91,NA
2022-02-24,294.65,NA
2022-02-25,304.78,NA
2022-02-26,312.175,NA
2022-02-27,309.74,NA
2022-02-28,321.62,NA
2022-03-01,334,NA
2022-03-02,324.13,NA
2022-03-03,317.775,319.98971291413
2022-03-04,302.85,322.101871530346
2022-03-05,292.405,321.627140757773
2022-03-06,288.155,321.346832868572
2022-03-07,278.025,321.363154700312
2022-03-08,279.26,321.300052339061
2022-03-09,295.91,321.255844002457
2022-03-10,298.585,321.23399673993
2022-03-11,288.635,321.216003740322
2022-03-12,289.195,321.203404150501
2022-03-13,285.27,321.195026405851
2022-03-14,284.38,321.18910521637
2022-03-15,289.455,321.184987345159
2022-03-16,294.59,321.18214443414
2022-03-17,298.135,321.180167319283
2022-03-18,300.955,321.178794608775
2022-03-19,316.8,321.177842486427
2022-03-20,327.765,321.177181511772
2022-03-21,331.22,321.176722731744
2022-03-22,355.06,321.176404336668
2022-03-23,369.705,321.176183346531
2022-03-24,365.005,321.176029965201
2022-03-25,365.58,321.175923510581
2022-03-26,363.58,321.175849624646
2022-03-27,369.24,321.175798343418
2022-03-28,372.495,321.175762751279
2022-03-29,370.955,321.175738048242
2022-03-30,376.64,321.175720902884
2022-03-31,382.23,321.175709003001
2022-04-01,380.735,321.175700743785
2022-04-02,374.93,321.175695011405
2022-04-03,375.705,321.175691032797
2022-04-04,377.475,321.175688271409
2022-04-05,370.845,321.175686354845
2022-04-06,348.16,321.175685024636
2022-04-07,333.5,321.175684101394
2022-04-08,329.56,321.17568346061
2022-04-09,324.585,321.175683015868
2022-04-10,323.005,321.175682707191
2022-04-11,307.36,321.175682492951
2022-04-12,299.975,321.175682344256
2022-04-13,323.09,321.175682241053
2022-04-14,339.37,321.175682169424
2022-04-15,339.24,321.175682119709
2022-04-16,341.905,321.175682085204
2022-04-17,335.52,321.175682061255
2022-04-18,334.255,321.175682044634
2022-04-19,340.615,321.175682033097
2022-04-20,335.615,321.17568202509
2022-04-21,323.2,321.175682019533
2022-04-22,318.35,321.175682015676
2022-04-23,316.84,321.175682012999
2022-04-24,310.185,321.175682011141
2022-04-25,311.185,321.175682009851
2022-04-26,305.4,321.175682008956
2022-04-27,301.645,321.175682008335
2022-04-28,306.87,321.175682007904
2022-04-29,300.575,321.175682007605
2022-04-30,286.305,321.175682007397
2022-05-01,281.105,321.175682007253
2022-05-02,284.505,321.175682007153
2022-05-03,282.215,321.175682007083
2022-05-04,289.69,321.175682007035
2022-05-05,288.56,321.175682007002
2022-05-06,276.02,321.175682006979
2022-05-07,271.41,321.175682006963
2022-05-08,264.835,321.175682006951
2022-05-09,239.735,321.175682006944
2022-05-10,224.68,321.175682006938
2022-05-11,212.815,321.175682006934
2022-05-12,193.875,321.175682006932
2022-05-13,198.49,321.17568200693
2022-05-14,205.285,321.175682006929
2022-05-15,211.59,321.175682006928
2022-05-16,205.95,321.175682006927
2022-05-17,202.05,321.175682006927
2022-05-18,196.63,321.175682006927
2022-05-19,191.51,321.175682006926
2022-05-20,193.08,321.175682006926
2022-05-21,190.765,321.175682006926
2022-05-22,194.92,321.175682006926
2022-05-23,194.71,321.175682006926
2022-05-24,193.565,321.175682006926
2022-05-25,192.69,321.175682006926
2022-05-26,184.625,321.175682006926
2022-05-27,176.905,321.175682006926
2022-05-28,176.64,321.175682006926
2022-05-29,181.76,321.175682006926
2022-05-30,190.935,321.175682006926
2022-05-31,200.655,321.175682006926
2022-06-01,195.215,321.175682006926
2022-06-02,187.335,321.175682006926
2022-06-03,185.86,321.175682006926
2022-06-04,185.765,321.175682006926
2022-06-05,184.18,321.175682006926
2022-06-06,182.885,321.175682006926
2022-06-07,183.65,321.175682006926
2022-06-08,179.345,321.175682006926
2022-06-09,176.065,321.175682006926
2022-06-10,171.365,321.175682006926
2022-06-11,161.96,321.175682006926
2022-06-12,151.28,321.175682006926
2022-06-13,136.415,321.175682006926
2022-06-14,126.25,321.175682006926
2022-06-15,126.77,321.175682006926
2022-06-16,118.55,321.175682006926
2022-06-17,115.255,321.175682006926
2022-06-18,118.395,321.175682006926
2022-06-19,117.845,321.175682006926
2022-06-20,119.46,321.175682006926
2022-06-21,118.98,321.175682006926
2022-06-22,116.04,321.175682006926
2022-06-23,114.465,321.175682006926
2022-06-24,115.26,321.175682006926
2022-06-25,114.85,321.175682006926
2022-06-26,114.165,321.175682006926
2022-06-27,112.12,321.175682006926
2022-06-28,107.235,321.175682006926
2022-06-29,103.755,321.175682006926
2022-06-30,103.765,321.175682006926
2022-07-01,102.23,321.175682006926
2022-07-02,103.89,321.175682006926
2022-07-03,106.09,321.175682006926
2022-07-04,106.86,321.175682006926
2022-07-05,105.97,321.175682006926
2022-07-06,104.885,321.175682006926
2022-07-07,108.645,321.175682006926
2022-07-08,109.965,321.175682006926
2022-07-09,109.9,321.175682006926
2022-07-10,109.065,321.175682006926
2022-07-11,102.88,321.175682006926
2022-07-12,97.945,321.175682006926
2022-07-13,99.815,321.175682006926
2022-07-14,102.75,321.175682006926
2022-07-15,104.525,321.175682006926
2022-07-16,107.805,321.175682006926
2022-07-17,109.845,321.175682006926
2022-07-18,115.81,321.175682006926
2022-07-19,124.79,321.175682006926
2022-07-20,125.045,321.175682006926
2022-07-21,122.465,321.175682006926
2022-07-22,123.2,321.175682006926
2022-07-23,122.84,321.175682006926
2022-07-24,127.26,321.175682006926
2022-07-25,124.96,321.175682006926
2022-07-26,118.495,321.175682006926
2022-07-27,123.14,321.175682006926
2022-07-28,141.615,321.175682006926
2022-07-29,153.875,321.175682006926
2022-07-30,148.72,321.175682006926
2022-07-31,142.43,321.175682006926
2022-08-01,138.645,321.175682006926
2022-08-02,135.82,321.175682006926
2022-08-03,133.78,321.175682006926
2022-08-04,134.07,321.175682006926
2022-08-05,138.08,321.175682006926
2022-08-06,141.62,321.175682006926
2022-08-07,141.12,321.175682006926
2022-08-08,142.5,321.175682006926
2022-08-09,139.335,321.175682006926
2022-08-10,138.495,321.175682006926
2022-08-11,142.465,321.175682006926
2022-08-12,143.11,321.175682006926
2022-08-13,143.785,321.175682006926
2022-08-14,141.895,321.175682006926
2022-08-15,138.355,321.175682006926
2022-08-16,136.81,321.175682006926
2022-08-17,135.095,321.175682006926
2022-08-18,131.46,321.175682006926
2022-08-19,121.715,321.175682006926
2022-08-20,114.545,321.175682006926
2022-08-21,117.175,321.175682006926
2022-08-22,121.23,321.175682006926
2022-08-23,128.02,321.175682006926
2022-08-24,131.92,321.175682006926
2022-08-25,130.505,321.175682006926
2022-08-26,123.29,321.175682006926
2022-08-27,115.645,321.175682006926
2022-08-28,113.88,321.175682006926
2022-08-29,116.04,321.175682006926
2022-08-30,117.025,321.175682006926
2022-08-31,114.905,321.175682006926
2022-09-01,115.875,321.175682006926
2022-09-02,116.525,321.175682006926
2022-09-03,117.075,321.175682006926
2022-09-04,118.08,321.175682006926
2022-09-05,122.075,321.175682006926
2022-09-06,118.93,321.175682006926
2022-09-07,115.455,321.175682006926
2022-09-08,122.695,321.175682006926
2022-09-09,129.71,321.175682006926
2022-09-10,132.715,321.175682006926
2022-09-11,131.5,321.175682006926
2022-09-12,129.645,321.175682006926
2022-09-13,123.245,321.175682006926
2022-09-14,118.745,321.175682006926
2022-09-15,118.76,321.175682006926
2022-09-16,118.545,321.175682006926
2022-09-17,120.85,321.175682006926
2022-09-18,116.995,321.175682006926
2022-09-19,111.87,321.175682006926
2022-09-20,112.42,321.175682006926
2022-09-21,110.86,321.175682006926
2022-09-22,112.75,321.175682006926
2022-09-23,118.33,321.175682006926
2022-09-24,118.74,321.175682006926
2022-09-25,115.405,321.175682006926
2022-09-26,114.905,321.175682006926
2022-09-27,115.335,321.175682006926
2022-09-28,114.21,321.175682006926
2022-09-29,115.535,321.175682006926
2022-09-30,118.58,321.175682006926
2022-10-01,118.6,321.175682006926
2022-10-02,115.735,321.175682006926
2022-10-03,115.275,321.175682006926
2022-10-04,118.75,321.175682006926
2022-10-05,121.71,321.175682006926
2022-10-06,120.23,321.175682006926
2022-10-07,117.575,321.175682006926
2022-10-08,116.87,321.175682006926
2022-10-09,117.05,321.175682006926
2022-10-10,114.425,321.175682006926
2022-10-11,111.35,321.175682006926
2022-10-12,111.435,321.175682006926
2022-10-13,110.305,321.175682006926
2022-10-14,108.15,321.175682006926
2022-10-15,107.745,321.175682006926
2022-10-16,109.155,321.175682006926
2022-10-17,110.44,321.175682006926
2022-10-18,109.675,321.175682006926
2022-10-19,107.29,321.175682006926
2022-10-20,106.125,321.175682006926
2022-10-21,106.71,321.175682006926
2022-10-22,107.805,321.175682006926
2022-10-23,109.71,321.175682006926
2022-10-24,109.5,321.175682006926
2022-10-25,110.365,321.175682006926
2022-10-26,113.65,321.175682006926
2022-10-27,113.435,321.175682006926
2022-10-28,113.945,321.175682006926
2022-10-29,117.12,321.175682006926
2022-10-30,117.405,321.175682006926
2022-10-31,115.67,321.175682006926
2022-11-01,115.04,321.175682006926
2022-11-02,114.33,321.175682006926
2022-11-03,114.65,321.175682006926
2022-11-04,120.085,321.175682006926
2022-11-05,124.1,321.175682006926
2022-11-06,120.225,321.175682006926
2022-11-07,117.255,321.175682006926
2022-11-08,110.54,321.175682006926
2022-11-09,96.045,321.175682006926
2022-11-10,95.755,321.175682006926
2022-11-11,102.645,321.175682006926
2022-11-12,102.685,321.175682006926
2022-11-13,101,321.175682006926
2022-11-14,101.55,321.175682006926
2022-11-15,103.77,321.175682006926
2022-11-16,104.06,321.175682006926
2022-11-17,104.05,321.175682006926
2022-11-18,104.17,321.175682006926
2022-11-19,104.68,321.175682006926
2022-11-20,104.695,321.175682006926
2022-11-21,103.965,321.175682006926
2022-11-22,106.2,321.175682006926
2022-11-23,112.075,321.175682006926
2022-11-24,115.355,321.175682006926
2022-11-25,114.84,321.175682006926
2022-11-26,113.095,321.175682006926
2022-11-27,111.73,321.175682006926
2022-11-28,110.505,321.175682006926
2022-11-29,110.42,321.175682006926
2022-11-30,112.215,321.175682006926
2022-12-01,111.95,321.175682006926
2022-12-02,111.175,321.175682006926
2022-12-03,110.855,321.175682006926
2022-12-04,110.385,321.175682006926
2022-12-05,110.785,321.175682006926
2022-12-06,111.29,321.175682006926
2022-12-07,110.66,321.175682006926
2022-12-08,110.545,321.175682006926
2022-12-09,110.915,321.175682006926
2022-12-10,109.52,321.175682006926
2022-12-11,107.735,321.175682006926
2022-12-12,106.275,321.175682006926
2022-12-13,108.32,321.175682006926
2022-12-14,109.7,321.175682006926
2022-12-15,108.225,321.175682006926
2022-12-16,103.685,321.175682006926
2022-12-17,101.595,321.175682006926
2022-12-18,102.54,321.175682006926
2022-12-19,100.215,321.175682006926
2022-12-20,100.06,321.175682006926
2022-12-21,101.02,321.175682006926
2022-12-22,100.885,321.175682006926
2022-12-23,101.705,321.175682006926
2022-12-24,101.855,321.175682006926
2022-12-25,101.525,321.175682006926
2022-12-26,102.445,321.175682006926
2022-12-27,102.675,321.175682006926
2022-12-28,100.465,321.175682006926
2022-12-29,98.76,321.175682006926
2022-12-30,97.55,321.175682006926
2022-12-31,96.845,321.175682006926
2023-01-01,96.93,321.175682006926
2023-01-02,98.075,321.175682006926
2023-01-03,99.45,321.175682006926
2023-01-04,100.585,321.175682006926
2023-01-05,101.365,321.175682006926
2023-01-06,101.405,321.175682006926
2023-01-07,101.55,321.175682006926
2023-01-08,102.595,321.175682006926
2023-01-09,105.275,321.175682006926
2023-01-10,107.145,321.175682006926
2023-01-11,108.66,321.175682006926
2023-01-12,114.795,321.175682006926
2023-01-13,122.09,321.175682006926
2023-01-14,125.225,321.175682006926
2023-01-15,125.4,321.175682006926
2023-01-16,124.545,321.175682006926
2023-01-17,123.455,321.175682006926
2023-01-18,120.715,321.175682006926
2023-01-19,120.16,321.175682006926
2023-01-20,124.85,321.175682006926
2023-01-21,128.015,321.175682006926
2023-01-22,128.33,321.175682006926
2023-01-23,130.99,321.175682006926
2023-01-24,130.75,321.175682006926
2023-01-25,130.03,321.175682006926
2023-01-26,132.915,321.175682006926
2023-01-27,134.58,321.175682006926
2023-01-28,134.005,321.175682006926
2023-01-29,134.67,321.175682006926
2023-01-30,133.85,321.175682006926
2023-01-31,132.215,321.175682006926
2023-02-01,134.82,321.175682006926
2023-02-02,136.485,321.175682006926
2023-02-03,137.37,321.175682006926
2023-02-04,138,321.175682006926
2023-02-05,136.245,321.175682006926
2023-02-06,132.995,321.175682006926
2023-02-07,133.725,321.175682006926
2023-02-08,133.77,321.175682006926
2023-02-09,129.115,321.175682006926
2023-02-10,125.475,321.175682006926
2023-02-11,124.5,321.175682006926
2023-02-12,123.77,321.175682006926
2023-02-13,123.295,321.175682006926
2023-02-14,125.34,321.175682006926
2023-02-15,130.805,321.175682006926
2023-02-16,131.41,321.175682006926
2023-02-17,130.705,321.175682006926
2023-02-18,134.875,321.175682006926
2023-02-19,136.19,321.175682006926
2023-02-20,140.6,321.175682006926
2023-02-21,145.165,321.175682006926
2023-02-22,143.635,321.175682006926
2023-02-23,140.34,321.175682006926
2023-02-24,135.745,321.175682006926
2023-02-25,132.96,321.175682006926
2023-02-26,134.715,321.175682006926
2023-02-27,135.72,321.175682006926
2023-02-28,133.59,321.175682006926
2023-03-01,133.155,321.175682006926
2023-03-02,133.065,321.175682006926
